UniqueId,Name,FareZones,HubNaptanCode,Wifi,OutsideStationUniqueId,BlueBadgeCarParking,BlueBadgeCarParkSpaces,TaxiRanksOutsideStation,MainBusInterchange,PierInterchange,NationalRailInterchange,AirportInterchange,EmiratesAirLineInterchange
HUBABW,Abbey Wood,4,HUBABW,False,HUBABW-Outside,False,,False,,,,,
910GACTNCTL,Acton Central,3,,True,910GACTNCTL-Outside,False,,False,,,,,
910GACTONML,Acton Main Line,3,,False,910GACTONML-Outside,False,,False,,,,,
910GANERLEY,Anerley,4,,True,910GANERLEY-Outside,False,,False,,,,,
910GBCKNHMH,Beckenham Hill,4,,False,910GBCKNHMH-Outside,False,,False,,,,,
910GBELNGHM,Bellingham,3,,False,910GBELNGHM-Outside,False,,False,,,,,
910GBHILLPK,Bush Hill Park,5,,True,910GBHILLPK-Outside,True,2.0,False,,,,,
910GBICKLEY,Bickley,5,,False,910GBICKLEY-Outside,False,,False,,,,,
910GBNHAM,Burnham,Outside,,False,910GBNHAM-Outside,False,,False,,,,,
910GBRBY,Brondesbury,2,,True,910GBRBY-Outside,False,,False,,,,,
910GBRBYPK,Brondesbury Park,2,,False,910GBRBYPK-Outside,False,,False,,,,,
910GBRENTX,Brent Cross West Station,3,,False,910GBRENTX-Outside,False,,False,,,,,
910GBROCKLY,Brockley,2,,True,910GBROCKLY-Outside,False,,False,,,,,
910GBROMLYS,Bromley South,5,,False,910GBROMLYS-Outside,False,,False,,,,,
910GBRTWOOD,Brentwood,9,,True,910GBRTWOOD-Outside,True,17.0,False,,,,,
910GBRUCGRV,Bruce Grove,3,,True,910GBRUCGRV-Outside,False,,False,,,,,
910GBTHNLGR,Bethnal Green,2,,True,910GBTHNLGR-Outside,False,,False,,,,,
910GCAMHTH,Cambridge Heath,2,,False,910GCAMHTH-Outside,False,,False,,,,,
910GCATFORD,Catford,3,,False,910GCATFORD-Outside,False,,False,,,,,
910GCFPK,Crofton Park,3,,False,910GCFPK-Outside,False,,False,,,,,
910GCHDWLHT,Chadwell Heath,5,,False,910GCHDWLHT-Outside,False,,False,,,,,
910GCHESHNT,Cheshunt,8,,True,910GCHESHNT-Outside,True,5.0,False,,,Partial,,
910GCHINGFD,Chingford,5,,True,910GCHINGFD-Outside,True,3.0,False,,,,,
910GCLAPTON,Clapton,2|3,,True,910GCLAPTON-Outside,False,,False,,,,,
910GCLDNNRB,Caledonian Road & Barnsbury,2,,False,910GCLDNNRB-Outside,False,,False,,,,,
910GCLPHHS,Clapham High Street,2,,False,910GCLPHHS-Outside,False,,False,,,,,
910GCMDNRD,Camden Road,2,,True,910GCMDNRD-Outside,False,,False,,,,,
910GCNNB,Canonbury,2,,False,910GCNNB-Outside,False,,False,,,,,
910GCOLSDNS,Coulsdon South,6,,True,910GCOLSDNS-Outside,False,,False,,,,,
910GCRKLWD,Cricklewood,3,,True,910GCRKLWD-Outside,False,,False,,,,,
910GCRLN,Charlton,3,,False,910GCRLN-Outside,False,,False,,,,,
910GCROUCHH,Crouch Hill,3,,False,910GCROUCHH-Outside,False,,False,,,,,
910GCRPNDPK,Carpenders Park,7,,True,910GCRPNDPK-Outside,False,,False,,,,,
910GCRSHLTN,Carshalton,5,,True,910GCRSHLTN-Outside,False,,False,,,,,
910GCTMSLNK,City Thameslink,1,,True,910GCTMSLNK-Outside,False,,False,,,,,
910GDALS,Dalston Junction,2,,False,910GDALS-Outside,False,,False,,,,,
910GDALSKLD,Dalston Kingsland,2,,False,910GDALSKLD-Outside,False,,False,,,,,
910GDARTFD,Dartford,8,,False,910GDARTFD-Outside,False,,False,,,,,
910GDENMRKH,Denmark Hill,2,,True,910GDENMRKH-Outside,False,,False,,,Partial,,
910GDEPTFD,Deptford,2,,False,910GDEPTFD-Outside,False,,False,,,,,
910GEDMNGRN,Edmonton Green,4,,True,910GEDMNGRN-Outside,False,,False,,,,,
910GELTR,Elstree & Borehamwood,6,,True,910GELTR-Outside,False,,False,,,,,
910GEMRSPKH,Emerson Park,6,,False,910GEMRSPKH-Outside,False,,False,,,,,
910GENFLDTN,Enfield Town,5,,True,910GENFLDTN-Outside,False,,False,,,,,
910GESTFLDS,Mitcham Eastfields,3,,False,910GESTFLDS-Outside,False,,False,,,,,
910GFNCHLYR,Finchley Road & Frognal,2,,True,910GFNCHLYR-Outside,False,,False,,,,,
910GFORESTH,Forest Hill,3,,False,910GFORESTH-Outside,True,1.0,False,,,Partial,,
910GFRSTGT,Forest Gate,3,,False,910GFRSTGT-Outside,False,,False,,,,,
910GGIDEAPK,Gidea Park,6,,True,910GGIDEAPK-Outside,False,,False,,,,,
910GGODMAYS,Goodmayes,4,,True,910GGODMAYS-Outside,False,,False,,,,,
910GGOSPLOK,Gospel Oak,2,,True,910GGOSPLOK-Outside,False,,False,,,,,
910GHACKNYC,Hackney Central,2,,True,910GHACKNYC-Outside,False,,False,,,,,
910GHACKNYW,Hackney Wick,2,,False,910GHACKNYW-Outside,False,,False,,,,,
910GHAGGERS,Haggerston,2,,False,910GHAGGERS-Outside,False,,False,,,,,
910GHAKNYNM,Hackney Downs,2,,True,910GHAKNYNM-Outside,False,,False,,,,,
910GHANWELL,Hanwell,4,,False,910GHANWELL-Outside,False,,False,,,,,
910GHAYESAH,Hayes & Harlington,5,,False,910GHAYESAH-Outside,False,,False,,,,,
910GHDON,Hendon,3|4,,True,910GHDON-Outside,False,,False,,,,,
910GHEDSTNL,Headstone Lane,5,,True,910GHEDSTNL-Outside,False,,False,,,,,
910GHERNEH,Herne Hill,2|3,,False,910GHERNEH-Outside,False,,False,,,,,
910GHGHMSPK,Highams Park,4,,True,910GHGHMSPK-Outside,True,2.0,False,,,,,
910GHKBG,Hackbridge,4,,False,910GHKBG-Outside,False,,False,,,,,
910GHMPSTDH,Hampstead Heath,2,,True,910GHMPSTDH-Outside,False,,False,,,,,
910GHOMRTON,Homerton,2,,True,910GHOMRTON-Outside,False,,False,,,,,
910GHONROPK,Honor Oak Park,3,,True,910GHONROPK-Outside,False,,False,,,,,
910GHOXTON,Hoxton,1|2,,False,910GHOXTON-Outside,False,,False,,,,,
910GHRGYGL,Harringay Green Lanes,3,,False,910GHRGYGL-Outside,False,,False,,,,,
910GHRLDWOD,Harold Wood,6,,False,910GHRLDWOD-Outside,True,2.0,False,,,,,
910GHTCHEND,Hatch End,6,,False,910GHTCHEND-Outside,True,2.0,False,,,,,
910GHYDNSRD,Haydons Road,3,,False,910GHYDNSRD-Outside,False,,False,,,,,
910GILFORD,Ilford,4,,False,910GILFORD-Outside,False,,False,,,,,
910GIVER,Iver,Outside,,False,910GIVER-Outside,False,,False,,,,,
910GKENR,Kensal Rise,2,,True,910GKENR-Outside,False,,False,,,,,
910GKLBRNHR,Kilburn High Road,2,,True,910GKLBRNHR-Outside,False,,False,,,,,
910GKNTSHTW,Kentish Town West,2,,False,910GKNTSHTW-Outside,False,,False,,,,,
910GLANGLEY,Langley,Outside,,False,910GLANGLEY-Outside,False,,False,,,,,
910GLBGHJN,Loughborough Junction,2,,True,910GLBGHJN-Outside,False,,False,,,,,
910GLEYTNMR,Leyton Midland Road,3,,True,910GLEYTNMR-Outside,False,,False,,,,,
910GLONFLDS,London Fields,2,,True,910GLONFLDS-Outside,False,,False,,,,,
910GLYTNSHR,Leytonstone High Road,3,,False,910GLYTNSHR-Outside,False,,False,,,,,
910GMANRPK,Manor Park,3|4,,True,910GMANRPK-Outside,False,,False,,,,,
910GMAZEH,Maze Hill,3,,False,910GMAZEH-Outside,False,,False,,,,,
910GMDNHEAD,Maidenhead,Outside,,True,910GMDNHEAD-Outside,False,,False,,,,,
910GMLHB,Mill Hill Broadway,4,,True,910GMLHB-Outside,False,,False,,,,,
910GMORDENS,Morden South,4,,False,910GMORDENS-Outside,False,,False,,,,,
910GMRYLAND,Maryland,3,,True,910GMRYLAND-Outside,False,,False,,,,,
910GNBARNET,New Barnet,5,,True,910GNBARNET-Outside,False,,False,,,,,
910GNEWSGAT,New Southgate,4,,False,910GNEWSGAT-Outside,False,,False,,,,,
910GNUNHEAD,Nunhead,2,,False,910GNUNHEAD-Outside,False,,False,,,,,
910GOKLGHPK,Oakleigh Park,4,,True,910GOKLGHPK-Outside,False,,False,,,,,
910GORPNGTN,Orpington,6,,False,910GORPNGTN-Outside,False,,False,,,,,
910GPCKHMQD,Queens Road Peckham,2,,True,910GPCKHMQD-Outside,False,,False,,,Partial,,
910GPCKHMRY,Peckham Rye,2,,False,910GPCKHMRY-Outside,False,,False,,,,,
910GPENEW,Penge West,4,,True,910GPENEW-Outside,True,2.0,False,,,,,
910GPETSWD,Petts Wood,5,,False,910GPETSWD-Outside,False,,False,,,,,
910GPLMS,Plumstead,4,,False,910GPLMS-Outside,False,,False,,,,,
910GPURLEY,Purley,6,,True,910GPURLEY-Outside,False,,False,,,,,
910GRBRN,Ravensbourne,4,,False,910GRBRN-Outside,False,,False,,,,,
910GRCTRYRD,Rectory Road,2,,True,910GRCTRYRD-Outside,False,,False,,,,,
910GRDNGSTN,Reading,Outside,,False,910GRDNGSTN-Outside,False,,False,,,,,
910GROMFORD,Romford,6,,True,910GROMFORD-Outside,False,,False,,,Partial,,
910GRTHERHI,Rotherhithe,2,,False,910GRTHERHI-Outside,False,,False,,,,,
910GSACTON,South Acton,3,,True,910GSACTON-Outside,False,,False,,,,,
910GSBURY,Southbury,5,,True,910GSBURY-Outside,False,,False,,,,,
910GSCROYDN,South Croydon,5,,True,910GSCROYDN-Outside,False,,False,,,,,
910GSHENFLD,Shenfield,Outside,,True,910GSHENFLD-Outside,False,,False,,,Partial,,
910GSHLIER,St Helier (London),4,,False,910GSHLIER-Outside,False,,False,,,,,
910GSHMPSTD,South Hampstead,2,,False,910GSHMPSTD-Outside,False,,False,,,,,
910GSHRDHST,Shoreditch High Street,1,,False,910GSHRDHST-Outside,False,,False,,,,,
910GSHRTLND,Shortlands,4,,False,910GSHRTLND-Outside,False,,False,,,,,
910GSIVRST,Silver Street,4,,True,910GSIVRST-Outside,False,,False,,,,,
910GSLADEGN,Slade Green,6,,False,910GSLADEGN-Outside,False,,False,,,,,
910GSLOUGH,Slough,Outside,,True,910GSLOUGH-Outside,False,,False,,,,,
910GSMERTON,South Merton,4,,False,910GSMERTON-Outside,False,,False,,,,,
910GSTHALL,Southall,4,,False,910GSTHALL-Outside,False,,False,,,,,
910GSTJMSST,St James Street,3,,True,910GSTJMSST-Outside,False,,False,,,,,
910GSTKNWNG,Stoke Newington,2,,True,910GSTKNWNG-Outside,False,,False,,,,,
910GSTMFDHL,Stamford Hill,3,,True,910GSTMFDHL-Outside,False,,False,,,,,
910GSTMRYC,St Mary Cray,6,,False,910GSTMRYC-Outside,False,,False,,,,,
910GSTOTNHM,South Tottenham,3,,False,910GSTOTNHM-Outside,False,,False,,,,,
910GSTRETHM,Streatham,3,,True,910GSTRETHM-Outside,False,,False,,,,,
910GSURREYQ,Surrey Quays,2,,False,910GSURREYQ-Outside,False,,False,,,,,
910GSUTTON,Sutton,5,,True,910GSUTTON-Outside,False,,False,,,,,
910GSUTTONC,Sutton Common,4,,False,910GSUTTONC-Outside,False,,False,,,,,
910GSVNKNGS,Seven Kings,4,,True,910GSVNKNGS-Outside,False,,False,,,,,
910GSWLY,Swanley,8,,False,910GSWLY-Outside,False,,False,,,,,
910GTAPLOW,Taplow,Outside,,False,910GTAPLOW-Outside,False,,False,,,,,
910GTHBLDSG,Theobalds Grove,7,,True,910GTHBLDSG-Outside,False,,False,,,,,
910GTOOTING,Tooting,3,,True,910GTOOTING-Outside,False,,False,,,,,
910GTULSEH,Tulse Hill,3,,True,910GTULSEH-Outside,False,,False,,,,,
910GTURKYST,Turkey Street,6,,True,910GTURKYST-Outside,False,,False,,,,,
910GTWYFORD,Twyford,Outside,,True,910GTWYFORD-Outside,False,,False,,,,,
910GUPRHLWY,Upper Holloway,2,,False,910GUPRHLWY-Outside,False,,False,,,,,
910GWAPPING,Wapping,2,,False,910GWAPPING-Outside,False,,False,,,,,
910GWATFDHS,Watford High Street,8,,True,910GWATFDHS-Outside,False,,False,,,,,
910GWCOMBEP,Westcombe Park,3,,False,910GWCOMBEP-Outside,False,,False,,,,,
910GWDGRNPK,Woodgrange Park,3|4,,True,910GWDGRNPK-Outside,False,,False,,,,,
910GWDRYTON,West Drayton,6,,False,910GWDRYTON-Outside,False,,False,,,,,
910GWDST,Wood Street,4,,True,910GWDST-Outside,False,,False,,,,,
910GWEALING,West Ealing,3,,False,910GWEALING-Outside,False,,False,,,,,
910GWHHRTLA,White Hart Lane,3,,True,910GWHHRTLA-Outside,False,,False,,,,,
910GWHMDSTD,West Hampstead,2,HUBWHD,True,910GWHMDSTD-Outside,False,,False,,,,,
910GWHMPSTM,West Hampstead Thameslink,2,HUBWHD,True,910GWHMPSTM-Outside,False,,False,,,,,
910GWIMLCHS,Wimbledon Chase,3,,False,910GWIMLCHS-Outside,False,,False,,,,,
910GWLTHQRD,Walthamstow Queen's Road,3,,False,910GWLTHQRD-Outside,False,,False,,,,,
910GWNDSWRD,Wandsworth Road,2,,False,910GWNDSWRD-Outside,False,,False,,,,,
910GWNSTDPK,Wanstead Park,3,,False,910GWNSTDPK-Outside,False,,False,,,,,
910GWSUTTON,West Sutton,5,,False,910GWSUTTON-Outside,False,,False,,,,,
940GZZALGWP,IFS Cloud Greenwich Peninsula,Outside,HUBNGW,False,940GZZALGWP-Outside,False,,False,,Full,,,
940GZZALRDK,IFS Cloud Royal Docks,Outside,HUBRVC,False,940GZZALRDK-Outside,False,,False,,,,,
940GZZCRADD,Addiscombe,Trams fare zone,,False,940GZZCRADD-Outside,False,,False,,,,,
940GZZCRADV,Addington Village,Trams fare zone,,False,940GZZCRADV-Outside,False,,False,,,,,
940GZZCRAMP,Ampere Way,Trams fare zone,,False,940GZZCRAMP-Outside,False,,False,,,,,
940GZZCRARA,Arena,Trams fare zone,,False,940GZZCRARA-Outside,False,,False,,,,,
940GZZCRAVE,Avenue Road,Trams fare zone,,False,940GZZCRAVE-Outside,False,,False,,,,,
940GZZCRBED,Beddington Lane,Trams fare zone,,False,940GZZCRBED-Outside,False,,False,,,,,
940GZZCRBGV,Belgrave Walk,Trams fare zone,,False,940GZZCRBGV-Outside,False,,False,,,,,
940GZZCRBLA,Blackhorse Lane,Trams fare zone,,False,940GZZCRBLA-Outside,False,,False,,,,,
940GZZCRBRD,Beckenham Road,Trams fare zone,,False,940GZZCRBRD-Outside,False,,False,,,,,
940GZZCRCEN,George Street,Trams fare zone,,False,940GZZCRCEN-Outside,False,,False,,,,,
940GZZCRCHR,Church Street,Trams fare zone,,False,940GZZCRCHR-Outside,False,,False,,,,,
940GZZCRCOO,Coombe Lane,Trams fare zone,,False,940GZZCRCOO-Outside,False,,False,,,,,
940GZZCRCTR,Centrale,Trams fare zone,,False,940GZZCRCTR-Outside,False,,False,,,,,
940GZZCRDDR,Dundonald Road,Trams fare zone,,False,940GZZCRDDR-Outside,False,,False,,,,,
940GZZCRFLD,Fieldway,Trams fare zone,,False,940GZZCRFLD-Outside,False,,False,,,,,
940GZZCRGRA,Gravel Hill,Trams fare zone,,False,940GZZCRGRA-Outside,False,,False,,,,,
940GZZCRHAR,Harrington Road,Trams fare zone,,False,940GZZCRHAR-Outside,False,,False,,,,,
940GZZCRKGH,King Henry's Drive,Trams fare zone,,False,940GZZCRKGH-Outside,False,,False,,,,,
940GZZCRLEB,Lebanon Road,Trams fare zone,,False,940GZZCRLEB-Outside,False,,False,,,,,
940GZZCRLOY,Lloyd Park,Trams fare zone,,False,940GZZCRLOY-Outside,False,,False,,,,,
940GZZCRMCH,Mitcham,Trams fare zone,,False,940GZZCRMCH-Outside,False,,False,,,,,
940GZZCRMDN,Morden Road,Trams fare zone,,False,940GZZCRMDN-Outside,False,,False,,,,,
940GZZCRMTP,Merton Park,Trams fare zone,,False,940GZZCRMTP-Outside,False,,False,,,,,
940GZZCRNWA,New Addington,Trams fare zone,,False,940GZZCRNWA-Outside,False,,False,,,,,
940GZZCRPHI,Phipps Bridge,Trams fare zone,,False,940GZZCRPHI-Outside,False,,False,,,,,
940GZZCRRVC,Reeves Corner,Trams fare zone,,False,940GZZCRRVC-Outside,False,,False,,,,,
940GZZCRSAN,Sandilands,Trams fare zone,,False,940GZZCRSAN-Outside,False,,False,,,,,
940GZZCRTPA,Therapia Lane,Trams fare zone,,False,940GZZCRTPA-Outside,False,,False,,,,,
940GZZCRWAD,Waddon Marsh,Trams fare zone,,False,940GZZCRWAD-Outside,False,,False,,,,,
940GZZCRWAN,Wandle Park,Trams fare zone,,False,940GZZCRWAN-Outside,False,,False,,,,,
940GZZCRWEL,Wellesley Road,Trams fare zone,,False,940GZZCRWEL-Outside,False,,False,,,,,
940GZZCRWOD,Woodside,Trams fare zone,,False,940GZZCRWOD-Outside,False,,False,,,,,
940GZZDLABR,Abbey Road,2|3,,False,940GZZDLABR-Outside,False,,False,Full,,,,
940GZZDLALL,All Saints,2,,False,940GZZDLALL-Outside,False,,False,,,,,
940GZZDLBEC,Beckton,3,,False,940GZZDLBEC-Outside,False,,False,,,,,
940GZZDLBLA,Blackwall,2,,False,940GZZDLBLA-Outside,False,,False,,,,,
940GZZDLBOW,Bow Church,2,,False,940GZZDLBOW-Outside,False,,False,,,,,
940GZZDLBPK,Beckton Park,3,,False,940GZZDLBPK-Outside,False,,False,,,,,
940GZZDLCLA,Crossharbour,2,,False,940GZZDLCLA-Outside,False,,False,,,,,
HUBCUS,Custom House for ExCel,3,HUBCUS,False,HUBCUS-Outside,False,,False,,,,,
940GZZDLCYP,Cyprus,3,,False,940GZZDLCYP-Outside,False,,False,,,,,
940GZZDLDEP,Deptford Bridge,2|3,,False,940GZZDLDEP-Outside,False,,False,,,,,
940GZZDLDEV,Devons Road,2,,False,940GZZDLDEV-Outside,False,,False,,,,,
940GZZDLEIN,East India,2|3,,False,940GZZDLEIN-Outside,False,,False,,,,,
940GZZDLELV,Elverson Road,2|3,,False,940GZZDLELV-Outside,False,,False,,,,,
940GZZDLGAL,Gallions Reach,3,,False,940GZZDLGAL-Outside,False,,False,,,,,
940GZZDLHEQ,Heron Quays,2,,False,940GZZDLHEQ-Outside,False,,False,,,,,
940GZZDLISL,Island Gardens,2,,False,940GZZDLISL-Outside,False,,False,,,,,
940GZZDLKGV,King George V,3,,False,940GZZDLKGV-Outside,False,,False,,,,,
940GZZDLLDP,Langdon Park,2,,False,940GZZDLLDP-Outside,False,,False,,,,,
940GZZDLMUD,Mudchute,2,,False,940GZZDLMUD-Outside,False,,False,,,,,
940GZZDLPDK,Pontoon Dock,3,,False,940GZZDLPDK-Outside,False,,False,,,,,
940GZZDLPOP,Poplar,2,,False,940GZZDLPOP-Outside,False,,False,,,,,
940GZZDLPRE,Prince Regent,3,,False,940GZZDLPRE-Outside,False,,False,,,,,
940GZZDLPUD,Pudding Mill Lane,2|3,,False,940GZZDLPUD-Outside,False,,False,,,,,
940GZZDLRAL,Royal Albert,3,,False,940GZZDLRAL-Outside,False,,False,,,,,
940GZZDLRVC,Royal Victoria,3,HUBRVC,False,940GZZDLRVC-Outside,False,,False,,,,,Full
940GZZDLSHS,Stratford High Street,2|3,,False,940GZZDLSHS-Outside,False,,False,Full,,,,
940GZZDLSIT,Stratford International,2|3,,False,940GZZDLSIT-Outside,False,,False,Full,,Partial,,
940GZZDLSOQ,South Quay,2,,False,940GZZDLSOQ-Outside,False,,False,,,,,
940GZZDLSTL,Star Lane,2|3,,False,940GZZDLSTL-Outside,False,,False,Full,,Partial,,
940GZZDLWFE,Westferry,2,,False,940GZZDLWFE-Outside,False,,False,,Full,,,
940GZZDLWIQ,West India Quay,2,,False,940GZZDLWIQ-Outside,False,,False,,,,,
940GZZDLWSV,West Silvertown,3,,False,940GZZDLWSV-Outside,False,,False,,,,,
940GZZLUACT,Acton Town,3,,True,940GZZLUACT-Outside,False,,False,,,,,
940GZZLUACY,Archway,2|3,,True,940GZZLUACY-Outside,False,,False,,,,,
940GZZLUADE,Aldgate East,1,,True,940GZZLUADE-Outside,False,,False,,,,,
940GZZLUAGL,Angel,1,,True,940GZZLUAGL-Outside,False,,False,,,,,
940GZZLUALD,Aldgate,1,,True,940GZZLUALD-Outside,False,,False,,,,,
940GZZLUALP,Alperton,4,,True,940GZZLUALP-Outside,False,,False,,,,,
940GZZLUASG,Arnos Grove,4,,True,940GZZLUASG-Outside,False,,False,,,,,
940GZZLUASL,Arsenal,2,,True,940GZZLUASL-Outside,False,,False,,,,,
940GZZLUBBB,Bromley-by-Bow,2|3,,True,940GZZLUBBB-Outside,False,,False,,,,,
940GZZLUBBN,Barbican,1,,True,940GZZLUBBN-Outside,False,,False,,,,,
940GZZLUBDS,Bounds Green,3|4,,True,940GZZLUBDS-Outside,False,,False,,,,,
940GZZLUBEC,Becontree,5,,True,940GZZLUBEC-Outside,False,,False,,,,,
940GZZLUBKE,Barkingside,4,,True,940GZZLUBKE-Outside,True,2.0,False,,,,,
940GZZLUBKH,Buckhurst Hill,5,,True,940GZZLUBKH-Outside,True,,False,,,,,
940GZZLUBLG,Bethnal Green,2,,True,940GZZLUBLG-Outside,False,,False,,,,,
940GZZLUBMY,Bermondsey,2,,True,940GZZLUBMY-Outside,False,,False,,,,,
HUBBDS,Bond Street,1,HUBBDS,False,HUBBDS-Outside,False,,False,,,,,
940GZZLUBOR,Borough,1,,True,940GZZLUBOR-Outside,False,,False,,,,,
940GZZLUBOS,Boston Manor,4,,True,940GZZLUBOS-Outside,False,,False,,,,,
940GZZLUBSC,Barons Court,2,,True,940GZZLUBSC-Outside,False,,False,,,,,
940GZZLUBST,Baker Street,1,,True,940GZZLUBST-Outside,False,,False,,,,,
940GZZLUBTK,Burnt Oak,4,,True,940GZZLUBTK-Outside,False,,False,,,,,
940GZZLUBTX,Brent Cross,3,,True,940GZZLUBTX-Outside,False,,False,,,,,
940GZZLUBWR,Bow Road,2,,False,940GZZLUBWR-Outside,False,,False,,,,,
940GZZLUBWT,Bayswater,1,,True,940GZZLUBWT-Outside,False,,False,,,,,
940GZZLUBZP,Belsize Park,2,,True,940GZZLUBZP-Outside,False,,False,,,,,
940GZZLUCAR,Caledonian Road,2,,True,940GZZLUCAR-Outside,False,,False,,,,,
940GZZLUCFM,Chalk Farm,2,,True,940GZZLUCFM-Outside,False,,False,,,,,
940GZZLUCGN,Covent Garden,1,,True,940GZZLUCGN-Outside,False,,False,,,,,
940GZZLUCHL,Chancery Lane,1,,True,940GZZLUCHL-Outside,False,,False,,,,,
940GZZLUCKS,Cockfosters,5,,True,940GZZLUCKS-Outside,False,,False,,,,,
940GZZLUCND,Colindale,4,,True,940GZZLUCND-Outside,False,,False,,,,,
940GZZLUCPC,Clapham Common,2,,True,940GZZLUCPC-Outside,False,,False,,,,,
940GZZLUCPK,Canons Park,5,,True,940GZZLUCPK-Outside,False,,False,,,,,
940GZZLUCPN,Clapham North,2,,True,940GZZLUCPN-Outside,False,,False,,,,,
940GZZLUCPS,Clapham South,2|3,,True,940GZZLUCPS-Outside,False,,False,,,,,
940GZZLUCSD,Colliers Wood,3,,True,940GZZLUCSD-Outside,False,,False,,,,,
940GZZLUCSM,Chesham,9,,True,940GZZLUCSM-Outside,True,4.0,False,,,,,
940GZZLUCTN,Camden Town,2,,True,940GZZLUCTN-Outside,False,,False,,,,,
940GZZLUCWL,Chigwell,4,,True,940GZZLUCWL-Outside,False,,False,,,,,
940GZZLUCWP,Chiswick Park,3,,True,940GZZLUCWP-Outside,False,,False,,,,,
940GZZLUCXY,Croxley,7,,True,940GZZLUCXY-Outside,False,,False,,,,,
940GZZLUDBN,Debden,6,,True,940GZZLUDBN-Outside,True,3.0,True,,,,,
940GZZLUDGE,Dagenham East,5,,True,940GZZLUDGE-Outside,False,,False,,,,,
940GZZLUDGY,Dagenham Heathway,5,,True,940GZZLUDGY-Outside,False,,False,,,,,
940GZZLUDOH,Dollis Hill,3,,False,940GZZLUDOH-Outside,False,,False,,,,,
940GZZLUEAE,Eastcote,5,,False,940GZZLUEAE-Outside,False,,False,,,,,
940GZZLUEAN,East Acton,2,,True,940GZZLUEAN-Outside,False,,False,,,,,
940GZZLUECM,Ealing Common,3,,True,940GZZLUECM-Outside,False,,False,,,,,
940GZZLUECT,Earl's Court,1|2,,True,940GZZLUECT-Outside,False,,False,,,,,
940GZZLUEFY,East Finchley,3,,True,940GZZLUEFY-Outside,False,,False,,,,,
940GZZLUEGW,Edgware,5,,True,940GZZLUEGW-Outside,False,,True,,,,,
940GZZLUEHM,East Ham,3|4,,True,940GZZLUEHM-Outside,False,,False,,,,,
940GZZLUEMB,Embankment,1,,True,940GZZLUEMB-Outside,False,,False,,,,,
940GZZLUEPG,Epping,6,,True,940GZZLUEPG-Outside,True,6.0,False,,,,,
940GZZLUEPK,Elm Park,6,,True,940GZZLUEPK-Outside,False,,True,,,,,
940GZZLUEPY,East Putney,2|3,,True,940GZZLUEPY-Outside,False,,False,,,,,
940GZZLUERB,Edgware Road,1,,True,940GZZLUERB-Outside,False,,False,,,,,
940GZZLUERC,Edgware Road,1,,True,940GZZLUERC-Outside,False,,False,,,,,
940GZZLUESQ,Euston Square,1,,True,940GZZLUESQ-Outside,False,,False,,,,,
940GZZLUFBY,Fulham Broadway,2,,True,940GZZLUFBY-Outside,False,,False,,,,,
940GZZLUFLP,Fairlop,4,,True,940GZZLUFLP-Outside,False,,False,,,,,
940GZZLUFYC,Finchley Central,4,,True,940GZZLUFYC-Outside,True,6.0,False,,,,,
940GZZLUFYR,Finchley Road,2,,False,940GZZLUFYR-Outside,False,,False,,,,,
940GZZLUGDG,Goodge Street,1,,True,940GZZLUGDG-Outside,False,,False,,,,,
940GZZLUGGH,Grange Hill,4,,True,940GZZLUGGH-Outside,False,,False,,,,,
940GZZLUGGN,Golders Green,3,,True,940GZZLUGGN-Outside,False,,False,,,,,
940GZZLUGHK,Goldhawk Road,2,,True,940GZZLUGHK-Outside,False,,False,,,,,
940GZZLUGPK,Green Park,1,,True,940GZZLUGPK-Outside,False,,False,,,,,
940GZZLUGPS,Great Portland Street,1,,True,940GZZLUGPS-Outside,False,,False,,,,,
940GZZLUGTH,Gants Hill,4,,True,940GZZLUGTH-Outside,False,,False,,,,,
940GZZLUGTR,Gloucester Road,1,,True,940GZZLUGTR-Outside,False,,False,,,,,
940GZZLUHBN,Holborn,1,,True,940GZZLUHBN-Outside,False,,False,,,,,
940GZZLUHBT,High Barnet,5,,True,940GZZLUHBT-Outside,True,5.0,False,,,,,
940GZZLUHCH,Hornchurch,6,,True,940GZZLUHCH-Outside,False,,False,,,,,
940GZZLUHCL,Hendon Central,3|4,,True,940GZZLUHCL-Outside,False,,False,,,,,
940GZZLUHGD,Hillingdon,6,,True,940GZZLUHGD-Outside,True,6.0,False,,,,,
940GZZLUHGR,Hanger Lane,3,,False,940GZZLUHGR-Outside,False,,False,,,,,
940GZZLUHGT,Highgate,3,,True,940GZZLUHGT-Outside,False,,False,,,,,
940GZZLUHLT,Hainault,4,,True,940GZZLUHLT-Outside,True,4.0,False,,,,,
940GZZLUHNX,Hatton Cross,5|6,,True,940GZZLUHNX-Outside,False,,False,,,,,
940GZZLUHPC,Hyde Park Corner,1,,True,940GZZLUHPC-Outside,False,,False,,,,,
940GZZLUHPK,Holland Park,2,,True,940GZZLUHPK-Outside,False,,False,,,,,
940GZZLUHSK,High Street Kensington,1,,True,940GZZLUHSK-Outside,False,,False,,,,,
940GZZLUHTD,Hampstead,2|3,,True,940GZZLUHTD-Outside,False,,False,,,,,
940GZZLUHWC,Hounslow Central,4,,True,940GZZLUHWC-Outside,False,,False,,,,,
940GZZLUHWE,Hounslow East,4,,True,940GZZLUHWE-Outside,True,2.0,False,,,,,
940GZZLUHWT,Hounslow West,5,,True,940GZZLUHWT-Outside,True,10.0,False,,,,,
940GZZLUHWY,Holloway Road,2,,True,940GZZLUHWY-Outside,False,,False,,,,,
940GZZLUICK,Ickenham,6,,True,940GZZLUICK-Outside,False,,False,,,,,
940GZZLUKBN,Kilburn,2,,True,940GZZLUKBN-Outside,False,,False,,,,,
940GZZLUKBY,Kingsbury,4,,True,940GZZLUKBY-Outside,False,,False,,,,,
940GZZLUKNB,Knightsbridge,1,,True,940GZZLUKNB-Outside,False,,False,,,,,
940GZZLUKNG,Kennington,1|2,,True,940GZZLUKNG-Outside,False,,False,,,,,
940GZZLUKPK,Kilburn Park,2,,True,940GZZLUKPK-Outside,False,,False,,,,,
940GZZLULAD,Ladbroke Grove,2,,True,940GZZLULAD-Outside,False,,False,,,,,
940GZZLULBN,Lambeth North,1,,True,940GZZLULBN-Outside,False,,False,,,,,
940GZZLULGN,Loughton,6,,True,940GZZLULGN-Outside,False,,False,,,,,
940GZZLULGT,Lancaster Gate,1,,True,940GZZLULGT-Outside,False,,False,,,,,
940GZZLULRD,Latimer Road,2,,True,940GZZLULRD-Outside,False,,False,,,,,
940GZZLULSQ,Leicester Square,1,,True,940GZZLULSQ-Outside,False,,False,,,,,
940GZZLULYN,Leyton,3,,True,940GZZLULYN-Outside,False,,False,,,,,
940GZZLULYS,Leytonstone,3|4,,True,940GZZLULYS-Outside,False,,False,,,,,
940GZZLUMBA,Marble Arch,1,,True,940GZZLUMBA-Outside,False,,False,,,,,
940GZZLUMDN,Morden,4,,True,940GZZLUMDN-Outside,False,,False,,,,,
940GZZLUMED,Mile End,2,,True,940GZZLUMED-Outside,False,,False,,,,,
940GZZLUMHL,Mill Hill East,4,,True,940GZZLUMHL-Outside,False,,False,,,,,
940GZZLUMMT,Monument,1,,True,940GZZLUMMT-Outside,False,,False,,,,,
940GZZLUMPK,Moor Park,6|7,,True,940GZZLUMPK-Outside,False,,False,,,,,
940GZZLUMRH,Manor House,2|3,,True,940GZZLUMRH-Outside,False,,False,,,,,
940GZZLUMSH,Mansion House,1,,True,940GZZLUMSH-Outside,False,,False,,,,,
940GZZLUMTC,Mornington Crescent,2,,True,940GZZLUMTC-Outside,False,,False,,,,,
940GZZLUMVL,Maida Vale,2,,True,940GZZLUMVL-Outside,False,,False,,,,,
940GZZLUNAN,North Acton,2|3,,True,940GZZLUNAN-Outside,False,,False,,,,,
940GZZLUNBP,Newbury Park,4,,True,940GZZLUNBP-Outside,True,6.0,True,,,,,
940GZZLUNDN,Neasden,3,,True,940GZZLUNDN-Outside,False,,False,,,,,
940GZZLUNEN,North Ealing,3,,True,940GZZLUNEN-Outside,False,,False,,,,,
940GZZLUNFD,Northfields,3,,True,940GZZLUNFD-Outside,False,,False,,,,,
940GZZLUNGW,North Greenwich,2|3,HUBNGW,True,940GZZLUNGW-Outside,True,19.0,True,Full,Full,,,Full
940GZZLUNHA,North Harrow,5,,True,940GZZLUNHA-Outside,False,,False,,,,,
940GZZLUNHG,Notting Hill Gate,1|2,,True,940GZZLUNHG-Outside,False,,False,,,,,
940GZZLUNHT,Northolt,5,,True,940GZZLUNHT-Outside,False,,False,,,,,
940GZZLUNKP,Northwick Park,4,,True,940GZZLUNKP-Outside,False,,False,,,,,
940GZZLUNOW,Northwood,6,,True,940GZZLUNOW-Outside,False,,False,,,,,
940GZZLUNWH,Northwood Hills,6,,True,940GZZLUNWH-Outside,False,,False,,,,,
940GZZLUOAK,Oakwood,5,,True,940GZZLUOAK-Outside,True,6.0,False,,,,,
940GZZLUOSY,Osterley,4,,True,940GZZLUOSY-Outside,False,,False,,,,,
940GZZLUOVL,Oval,2,,True,940GZZLUOVL-Outside,False,,False,,,,,
940GZZLUOXC,Oxford Circus,1,,True,940GZZLUOXC-Outside,False,,False,,,,,
940GZZLUPCC,Piccadilly Circus,1,,True,940GZZLUPCC-Outside,False,,False,,,,,
940GZZLUPCO,Pimlico,1,,True,940GZZLUPCO-Outside,False,,False,,,,,
940GZZLUPKR,Park Royal,3,,True,940GZZLUPKR-Outside,False,,False,,,,,
940GZZLUPLW,Plaistow,3,,True,940GZZLUPLW-Outside,False,,False,,,,,
940GZZLUPNR,Pinner,5,,True,940GZZLUPNR-Outside,False,,False,,,,,
940GZZLUPRD,Preston Road,4,,True,940GZZLUPRD-Outside,False,,False,,,,,
940GZZLUPSG,Parsons Green,2,,True,940GZZLUPSG-Outside,False,,False,,,,,
940GZZLUPVL,Perivale,4,,True,940GZZLUPVL-Outside,False,,False,,,,,
940GZZLUPYB,Putney Bridge,2,,False,940GZZLUPYB-Outside,False,,False,,,,,
940GZZLUQBY,Queensbury,4,,True,940GZZLUQBY-Outside,False,,False,,,,,
940GZZLUQWY,Queensway,1,,True,940GZZLUQWY-Outside,False,,False,,,,,
940GZZLURBG,Redbridge,4,,True,940GZZLURBG-Outside,False,,False,,,,,
940GZZLURGP,Regent's Park,1,,True,940GZZLURGP-Outside,False,,False,,,,,
940GZZLURSG,Ruislip Gardens,5,,False,940GZZLURSG-Outside,False,,False,,,,,
940GZZLURSM,Ruislip Manor,6,,True,940GZZLURSM-Outside,False,,False,,,,,
940GZZLURSP,Ruislip,6,,True,940GZZLURSP-Outside,True,4.0,False,,,,,
940GZZLURSQ,Russell Square,1,,True,940GZZLURSQ-Outside,False,,False,,,,,
940GZZLURVP,Ravenscourt Park,2,,True,940GZZLURVP-Outside,False,,False,,,,,
940GZZLURVY,Roding Valley,4,,True,940GZZLURVY-Outside,False,,False,,,,,
940GZZLURYL,Rayners Lane,5,,True,940GZZLURYL-Outside,True,6.0,False,,,,,
940GZZLURYO,Royal Oak,2,,True,940GZZLURYO-Outside,False,,False,,,,,
940GZZLUSBM,Shepherd's Bush Market,2,,True,940GZZLUSBM-Outside,False,,False,,,,,
940GZZLUSEA,South Ealing,3,,True,940GZZLUSEA-Outside,False,,False,,,,,
940GZZLUSFB,Stamford Brook,2,,True,940GZZLUSFB-Outside,False,,False,,,,,
940GZZLUSFS,Southfields,3,,True,940GZZLUSFS-Outside,False,,True,,,,,
940GZZLUSGN,Stepney Green,2,,True,940GZZLUSGN-Outside,False,,False,,,,,
940GZZLUSGT,Southgate,4,,True,940GZZLUSGT-Outside,False,,False,,,,,
940GZZLUSHH,South Harrow,5,,True,940GZZLUSHH-Outside,False,,False,,,,,
940GZZLUSJP,St James's Park,1,,True,940GZZLUSJP-Outside,False,,False,,,,,
940GZZLUSJW,St John's Wood,2,,True,940GZZLUSJW-Outside,False,,False,,,,,
940GZZLUSKS,South Kensington,1,,True,940GZZLUSKS-Outside,False,,False,,,,,
940GZZLUSKW,Stockwell,2,,True,940GZZLUSKW-Outside,False,,False,,,,,
940GZZLUSNB,Snaresbrook,4,,True,940GZZLUSNB-Outside,False,,False,,,,,
940GZZLUSPU,St Paul's,1,,True,940GZZLUSPU-Outside,False,,False,,,,,
940GZZLUSSQ,Sloane Square,1,,True,940GZZLUSSQ-Outside,False,,False,,,,,
940GZZLUSTM,Stanmore,5,,True,940GZZLUSTM-Outside,True,6.0,False,,,,,
940GZZLUSUH,Sudbury Hill,4,,True,940GZZLUSUH-Outside,False,,False,,,,,
940GZZLUSUT,Sudbury Town,4,,True,940GZZLUSUT-Outside,True,3.0,False,,,,,
940GZZLUSWC,Swiss Cottage,2,,True,940GZZLUSWC-Outside,False,,False,,,,,
940GZZLUSWF,South Woodford,4,,True,940GZZLUSWF-Outside,True,4.0,True,,,,,
940GZZLUSWK,Southwark,1,,True,940GZZLUSWK-Outside,False,,False,,,,,
940GZZLUSWN,South Wimbledon,3|4,,True,940GZZLUSWN-Outside,False,,False,,,,,
940GZZLUTAW,Totteridge & Whetstone,4,,True,940GZZLUTAW-Outside,False,,False,,,,,
940GZZLUTBC,Tooting Bec,3,,True,940GZZLUTBC-Outside,False,,False,,,,,
940GZZLUTBY,Tooting Broadway,3,,True,940GZZLUTBY-Outside,False,,False,,,,,
940GZZLUTFP,Tufnell Park,2,,True,940GZZLUTFP-Outside,False,,False,,,,,
940GZZLUTHB,Theydon Bois,6,,True,940GZZLUTHB-Outside,True,3.0,False,,,,,
940GZZLUTMP,Temple,1,,True,940GZZLUTMP-Outside,False,,False,,,,,
940GZZLUTNG,Turnham Green,2|3,,True,940GZZLUTNG-Outside,False,,False,,,,,
940GZZLUTPN,Turnpike Lane,3,,True,940GZZLUTPN-Outside,False,,False,,,,,
940GZZLUTWH,Tower Hill,1,,True,940GZZLUTWH-Outside,False,,False,,Full,,,
940GZZLUUPB,Upminster Bridge,6,,True,940GZZLUUPB-Outside,False,,False,,,,,
940GZZLUUPK,Upton Park,3,,True,940GZZLUUPK-Outside,False,,False,,,,,
940GZZLUUPY,Upney,4,,True,940GZZLUUPY-Outside,False,,False,,,,,
940GZZLUUXB,Uxbridge,6,,True,940GZZLUUXB-Outside,False,,False,,,,,
940GZZLUWAF,Watford,7,,False,940GZZLUWAF-Outside,False,,False,,,,,
940GZZLUWCY,White City,2,,True,940GZZLUWCY-Outside,False,,False,,,,,
940GZZLUWFN,West Finchley,4,,True,940GZZLUWFN-Outside,False,,False,,,,,
940GZZLUWHP,West Hampstead,2,HUBWHD,True,940GZZLUWHP-Outside,False,,False,,,,,
940GZZLUWHW,West Harrow,5,,True,940GZZLUWHW-Outside,False,,False,,,,,
940GZZLUWIG,Willesden Green,2|3,,True,940GZZLUWIG-Outside,False,,False,,,,,
940GZZLUWIP,Wimbledon Park,3,,True,940GZZLUWIP-Outside,False,,False,,,,,
940GZZLUWKA,Warwick Avenue,2,,True,940GZZLUWKA-Outside,False,,False,,,,,
940GZZLUWKN,West Kensington,2,,True,940GZZLUWKN-Outside,False,,False,,,,,
940GZZLUWLA,Wood Lane,2,,True,940GZZLUWLA-Outside,False,,False,,,,,
940GZZLUWOF,Woodford,4,,True,940GZZLUWOF-Outside,True,10.0,False,,,,,
940GZZLUWOG,Wood Green,3,,True,940GZZLUWOG-Outside,False,,False,,,,,
940GZZLUWOP,Woodside Park,4,,True,940GZZLUWOP-Outside,True,5.0,False,,,,,
940GZZLUWRR,Warren Street,1,,True,940GZZLUWRR-Outside,False,,False,,,,,
940GZZLUWSD,Wanstead,4,,True,940GZZLUWSD-Outside,False,,False,,,,,
940GZZLUWSP,Westbourne Park,2,,True,940GZZLUWSP-Outside,False,,False,,,,,
940GZZLUWTA,West Acton,3,,True,940GZZLUWTA-Outside,False,,False,,,,,
940GZZLUWYP,Wembley Park,4,,True,940GZZLUWYP-Outside,True,6.0,False,,,,,
HUBAMR,Amersham,9,HUBAMR,True,HUBAMR-Outside,True,,False,,,Partial,,
HUBBAL,Balham,3,HUBBAL,True,HUBBAL-Outside,False,,False,,,,,
HUBBAN,Bank,1,HUBBAN,True,HUBBAN-Outside,False,,False,,,Partial,,
HUBBEK,Beckenham Junction,4|Trams fare zone,HUBBEK,False,HUBBEK-Outside,True,88.0,False,,,Partial,,
HUBBFR,Blackfriars,1,HUBBFR,True,HUBBFR-Outside,False,,True,,Partial,,,
HUBBHO,Blackhorse Road,3,HUBBHO,True,HUBBHO-Outside,False,,False,,,,,
HUBBIR,Birkbeck,4|Trams fare zone,HUBBIR,False,HUBBIR-Outside,False,,False,,,Partial,,
HUBBKG,Barking,4,HUBBKG,True,HUBBKG-Outside,False,,True,Full,,Partial,,
HUBBRX,Brixton,2,HUBBRX,True,HUBBRX-Outside,False,,False,Full,,,,
HUBBSH,Bushey,8,HUBBSH,False,HUBBSH-Outside,False,,False,,,,,
HUBCAN,Canning Town,2|3,HUBCAN,True,HUBCAN-Outside,False,,False,Full,,,,
HUBCAW,Canary Wharf,2,HUBCAW,True,HUBCAW-Outside,False,,False,,Full,,,
HUBCFO,Chalfont & Latimer,8,HUBCFO,True,HUBCFO-Outside,True,5.0,False,,,Partial,,
HUBCHX,Charing Cross,1,HUBCHX,True,HUBCHX-Outside,False,,False,,,,,
HUBCLJ,Clapham Junction,2,HUBCLJ,False,HUBCLJ-Outside,False,,False,,,Partial,,
HUBCLW,Chorleywood,7,HUBCLW,True,HUBCLW-Outside,True,6.0,False,,,Partial,,
HUBCST,Cannon Street,1,HUBCST,True,HUBCST-Outside,False,,False,,,,,
HUBCUT,Cutty Sark for Maritime Greenwich,2|3,HUBCUT,False,HUBCUT-Outside,False,,True,,Full,,,
HUBCYP,Crystal Palace,3|4,HUBCYP,False,HUBCYP-Outside,True,2.0,False,,,Partial,,
HUBEAL,Ealing Broadway,3,HUBEAL,True,HUBEAL-Outside,False,,False,,,Partial,,
HUBECY,East Croydon,5|Trams fare zone,HUBECY,False,HUBECY-Outside,False,,False,,,Partial,,
HUBELM,Elmers End,4|Trams fare zone,HUBELM,False,HUBELM-Outside,True,108.0,False,,,Partial,,
HUBEPH,Elephant & Castle,1|2,HUBEPH,True,HUBEPH-Outside,False,,False,,,,,
HUBEUS,Euston,1,HUBEUS,True,HUBEUS-Outside,False,,True,,,Partial,,
HUBFPK,Finsbury Park,2,HUBFPK,True,HUBFPK-Outside,False,,True,,,Partial,,
HUBGFD,Greenford,4,HUBGFD,True,HUBGFD-Outside,False,,False,,,Partial,,
HUBGNW,Greenwich,2|3,HUBGNW,False,HUBGNW-Outside,True,1.0,False,,,Partial,,
HUBGUN,Gunnersbury,3,HUBGUN,False,HUBGUN-Outside,False,,False,,,,,
HUBH13,Heathrow Terminals 2 & 3,6,HUBH13,True,HUBH13-Outside,False,,True,Full,,,Full,
HUBHDN,Harlesden,3,HUBHDN,True,HUBHDN-Outside,False,,False,,,,,
HUBHHY,Highbury & Islington,2,HUBHHY,True,HUBHHY-Outside,False,,False,,,Partial,,
HUBHMS,Hammersmith,2,HUBHMS,True,HUBHMS-Outside,False,,False,Full,,,,
HUBHOH,Harrow-on-the-Hill,5,HUBHOH,True,HUBHOH-Outside,False,,False,,,Partial,,
HUBHRW,Harrow & Wealdstone,5,HUBHRW,True,HUBHRW-Outside,True,5.0,False,,,Partial,,
HUBHX4,Heathrow Terminal 4,6,HUBHX4,True,HUBHX4-Outside,False,,True,,,,Full,
HUBHX5,Heathrow Terminal 5,6,HUBHX5,False,HUBHX5-Outside,False,,True,,,,Full,
HUBIMP,Imperial Wharf,2,HUBIMP,False,HUBIMP-Outside,False,,False,,,,,
HUBKGX,King's Cross St Pancras,1,HUBKGX,True,HUBKGX-Outside,False,,True,,,Partial,,
HUBKNL,Kensal Green,2,HUBKNL,False,HUBKNL-Outside,False,,False,,,,,
HUBKNT,Kenton,4,HUBKNT,True,HUBKNT-Outside,False,,False,,,,,
HUBKPA,Kensington (Olympia),2,HUBKPA,True,HUBKPA-Outside,False,,False,,,Partial,,
HUBKTN,Kentish Town,2,HUBKTN,True,HUBKTN-Outside,False,,False,,,,,
HUBKWG,Kew Gardens,3|4,HUBKWG,True,HUBKWG-Outside,False,,False,,,,,
HUBLBG,London Bridge,1,HUBLBG,True,HUBLBG-Outside,False,,True,Full,,Partial,,
HUBLCY,London City Airport,3,HUBLCY,False,HUBLCY-Outside,False,,False,,,,Full,
HUBLEW,Lewisham,2|3,HUBLEW,False,HUBLEW-Outside,False,,False,Full,,Partial,,
HUBLHS,Limehouse,2,HUBLHS,False,HUBLHS-Outside,False,,False,,,Partial,,
HUBLST,Liverpool Street,1,HUBLST,True,HUBLST-Outside,False,,True,Full,,Partial,,
HUBMJT,Mitcham Junction,4|Trams fare zone,HUBMJT,False,HUBMJT-Outside,True,18.0,False,,,Partial,,
HUBMYB,Marylebone,1,HUBMYB,True,HUBMYB-Outside,False,,False,,,,,
HUBNWB,North Wembley,4,HUBNWB,False,HUBNWB-Outside,False,,False,,,,,
HUBNWD,Norwood Junction,4,HUBNWD,False,HUBNWD-Outside,True,3.0,False,,,Partial,,
HUBNWX,New Cross,2,HUBNWX,False,HUBNWX-Outside,False,,False,,,Partial,,
HUBNXG,New Cross Gate,2,HUBNXG,False,HUBNXG-Outside,False,,False,,,Partial,,
HUBOLD,Old Street,1,HUBOLD,True,HUBOLD-Outside,False,,False,,,,,
HUBPAD,Paddington,1,HUBPAD,True,HUBPAD-Outside,False,,True,,,,,
HUBQPW,Queen's Park,2,HUBQPW,True,HUBQPW-Outside,False,,False,,,,,
HUBRIC,Rickmansworth,7,HUBRIC,True,HUBRIC-Outside,True,12.0,False,,,Partial,,
HUBRMD,Richmond,4,HUBRMD,True,HUBRMD-Outside,True,1.0,True,Full,,Partial,,
HUBSBP,Stonebridge Park,3,HUBSBP,True,HUBSBP-Outside,False,,False,,,,,
HUBSDE,Shadwell,2,HUBSDE,True,HUBSDE-Outside,False,,False,,,,,
HUBSOK,South Kenton,4,HUBSOK,True,HUBSOK-Outside,False,,False,,,,,
HUBSPB,Shepherd's Bush,2,HUBSPB,True,HUBSPB-Outside,False,,False,,,Partial,,
HUBSRA,Stratford,2|3,HUBSRA,True,HUBSRA-Outside,False,,True,Full,,Partial,,
HUBSRU,South Ruislip,5,HUBSRU,True,HUBSRU-Outside,False,,False,,,,,
HUBSVS,Seven Sisters,3,HUBSVS,True,HUBSVS-Outside,False,,False,,,,,
HUBSYD,Sydenham,3,HUBSYD,False,HUBSYD-Outside,False,,False,,,Partial,,
HUBTCR,Tottenham Court Road,1,HUBTCR,False,HUBTCR-Outside,False,,False,,,,,
HUBTOG,Tower Gateway,1,HUBTOG,False,HUBTOG-Outside,False,,False,,,,,
HUBTOM,Tottenham Hale,3,HUBTOM,True,HUBTOM-Outside,False,,True,,,Partial,,
HUBUPM,Upminster,6,HUBUPM,True,HUBUPM-Outside,True,9.0,True,,,Partial,,
HUBVIC,Victoria,1,HUBVIC,True,HUBVIC-Outside,False,,True,Full,,Partial,,
HUBVXH,Vauxhall,1|2,HUBVXH,True,HUBVXH-Outside,False,,True,Full,,Partial,,
HUBWAT,Waterloo,1,HUBWAT,True,HUBWAT-Outside,False,,True,Full,Full,Partial,,
HUBWBP,West Brompton,2,HUBWBP,True,HUBWBP-Outside,False,,False,,,Partial,,
HUBWCY,West Croydon,5|Trams fare zone,HUBWCY,False,HUBWCY-Outside,False,,False,,,Partial,,
HUBWEH,West Ham,2|3,HUBWEH,True,HUBWEH-Outside,False,,False,,,Partial,,
HUBWFJ,Watford Junction,Outside,HUBWFJ,False,HUBWFJ-Outside,True,10.0,False,,,Partial,,
HUBWHC,Walthamstow Central,3,HUBWHC,True,HUBWHC-Outside,True,8.0,False,,,,,
HUBWIJ,Willesden Junction,2|3,HUBWIJ,True,HUBWIJ-Outside,False,,False,,,,,
HUBWIM,Wimbledon,3|Trams fare zone,HUBWIM,True,HUBWIM-Outside,True,2.0,True,Full,,Partial,,
HUBWMB,Wembley Central,4,HUBWMB,True,HUBWMB-Outside,False,,False,,,Partial,,
HUBWRU,West Ruislip,6,HUBWRU,True,HUBWRU-Outside,False,,False,,,,,
HUBWSM,Westminster,1,HUBWSM,True,HUBWSM-Outside,False,,False,,Full,,,
HUBWWA,Woolwich Arsenal,4,HUBWWA,False,HUBWWA-Outside,False,,False,Full,Full,Partial,,
HUBZCW,Canada Water,2,HUBZCW,True,HUBZCW-Outside,False,,False,Full,,,,
HUBZFD,Farringdon,1,HUBZFD,False,HUBZFD-Outside,False,,False,,,Partial,,
HUBZMG,Moorgate,1,HUBZMG,False,HUBZMG-Outside,False,,False,,,,,
HUBZWL,Whitechapel,2,HUBZWL,False,HUBZWL-Outside,False,,False,,,,,
940GZZNEUGST,Nine Elms,1,,True,940GZZNEUGST-Outside,False,,False,,,,,
940GZZBPSUST,Battersea Power Station,1,,True,940GZZBPSUST-Outside,False,,False,,,,,
910GWOLWXR,Woolwich,4,910GWOLWXR,True,910GWOLWXR-Outside,False,,False,,,,,
910GBKRVS,Barking Riverside,4,910GBKRVS,True,910GBKRVS-Outside,False,,False,,Full,,,
